Data Series,2024,2023,2022,2021,2020,2019,2018,2017,2016,2015,2025 Jan,2024 Dec,2024 Nov,2024 Oct,2024 Sep,2024 Aug,2024 Jul,2024 Jun,2024 May,2024 Apr,2024 Mar,2024 Feb,2024 Jan,2023 Dec,2023 Nov,2023 Oct,2023 Sep,2023 Aug,2023 Jul,2023 Jun,2023 May,2023 Apr,2023 Mar,2023 Feb,2023 Jan,2022 Dec,2022 Nov,2022 Oct,2022 Sep,2022 Aug,2022 Jul,2022 Jun,2022 May,2022 Apr,2022 Mar,2022 Feb,2022 Jan,2021 Dec,2021 Nov,2021 Oct,2021 Sep,2021 Aug,2021 Jul,2021 Jun,2021 May,2021 Apr,2021 Mar,2021 Feb,2021 Jan,2020 Dec,2020 Nov,2020 Oct,2020 Sep,2020 Aug,2020 Jul,2020 Jun,2020 May,2020 Apr,2020 Mar,2020 Feb,2020 Jan,2019 Dec,2019 Nov,2019 Oct,2019 Sep,2019 Aug,2019 Jul,2019 Jun,2019 May,2019 Apr,2019 Mar,2019 Feb,2019 Jan,2018 Dec,2018 Nov,2018 Oct,2018 Sep,2018 Aug,2018 Jul,2018 Jun,2018 May,2018 Apr,2018 Mar,2018 Feb,2018 Jan,2017 Dec,2017 Nov,2017 Oct,2017 Sep,2017 Aug,2017 Jul,2017 Jun,2017 May,2017 Apr,2017 Mar,2017 Feb,2017 Jan,2016 Dec,2016 Nov,2016 Oct,2016 Sep,2016 Aug,2016 Jul,2016 Jun,2016 May,2016 Apr,2016 Mar,2016 Feb,2016 Jan,2015 Dec,2015 Nov,2015 Oct,2015 Sep,2015 Aug,2015 Jul,2015 Jun,2015 May,2015 Apr,2015 Mar,2015 Feb,2015 Jan,2014 Dec,2014 Nov,2014 Oct,2014 Sep,2014 Aug,2014 Jul,2014 Jun,2014 May,2014 Apr,2014 Mar,2014 Feb,2014 Jan,,,,,,,,,,,,,,,,,,,,,,,,,,,,,,,,,,,,,,,,,,,,,,,,,,,,,,,,,,,,,,,,,,,,,,,,,,,,,,,,,,,,,,,,,,,,,,,,,,,,,,,,,,,,,,,,,,,,,,,,,,,,,,,,,,,,,,,,,,,,,,,,,,,,,,,,,,,,,,,,,,,,,,,,,,,,,,,,,,,,,,,,,,,,,,,,,,,,,,,,,,,,,,,,,,,,,,,,,,,,,,,,,,,,,,,,,,,,,,,,,,,,,,,,,,,,,,,,,,,,,,,,,,,,,,,,,,,,,,,,,,,,,,,,,,,,,,,,,,,,,,,,,,,,,,,,,,,,,,,,,,,,,,,,,,,,,,,,,,,,,,,,,,,,,,,,,,,,,,,,,,,,,,,,,,,,,,,,,,,,,,,,,,,,,,,,,,,,,,,,,,,,,,,,,,,,,,,,,,,,,,,,,,,,,,,,,,,,,,,,,,,,,,,,,,,,,,,,,,,,,,,,,,,,,,,,,,,,,,,,,,,,,,,,,,,,,,,,,,,,,,,,,,,,,,,,,,,,,,,,,,,,,,,,,,,,,,,,,,,,,,,,,,,,,,,,,,,,,,,,,,,,,,,,,,,,,,,,,,,,,,,,,,,,,,,,,,,,,,,,
    Food & Live Animals,13.8642407,13.054556,13.9908855,12.601722,11.8493973,11.4585958,11.3151535,10.9395282,10.7808031,11.2540829,1.2270507,1.2645733,1.1924951,1.2191988,1.1308649,1.2383454,1.2756642,1.0964171,1.1524662,1.0798233,1.1081408,0.9278288,1.1784228,1.1130271,1.0856284,1.0914963,1.0453135,1.1757276,1.0904874,1.0932646,1.1798727,1.020353,1.1662138,0.9416198,1.0515518,1.2332494,1.2100694,1.1621702,1.2399177,1.2749243,1.1768964,1.180165,1.1462209,1.2110782,1.1327247,0.9031991,1.1202702,1.2972313,1.1017016,1.0462598,1.0601419,1.049562,1.0914228,1.0418906,0.9818365,0.9945348,1.0653602,0.8567439,1.0150366,1.1129863,0.9518334,0.9770118,0.8992543,0.9651361,1.0491829,1.0150163,1.0219501,1.0263708,1.0038718,0.8646422,0.9621413,1.0528731,0.9959953,1.0361106,0.9106503,0.9635255,1.0103741,0.8755925,0.9964473,0.9207816,0.9058849,0.7358642,1.0544964,1.0545944,1.0134166,1.0638037,0.8905818,0.9866395,0.9375556,0.8685178,0.9550611,0.9117657,0.8626507,0.7917451,0.9788215,0.9908095,0.9672895,0.9370893,0.8357985,1.0001151,0.9089145,0.9160835,0.9707141,0.8227039,0.9464683,0.7689728,0.8745692,1.0346708,0.9669978,0.8956429,0.891808,0.9149365,0.8364005,0.8841275,0.8747325,0.8654855,0.9309613,0.7526244,0.9324154,1.028074,0.864265,0.9415748,0.9668328,0.898897,0.9588869,0.9486256,0.886998,0.9451758,0.9567921,0.8462071,1.0117538,1.074228,0.9141551,1.0068101,0.9186101,0.9350627,1.0268496,0.9129976,0.9635881,0.9661178,0.8998407,0.7763841,0.9588718,,,,,,,,,,,,,,,,,,,,,,,,,,,,,,,,,,,,,,,,,,,,,,,,,,,,,,,,,,,,,,,,,,,,,,,,,,,,,,,,,,,,,,,,,,,,,,,,,,,,,,,,,,,,,,,,,,,,,,,,,,,,,,,,,,,,,,,,,,,,,,,,,,,,,,,,,,,,,,,,,,,,,,,,,,,,,,,,,,,,,,,,,,,,,,,,,,,,,,,,,,,,,,,,,,,,,,,,,,,,,,,,,,,,,,,,,,,,,,,,,,,,,,,,,,,,,,,,,,,,,,,,,,,,,,,,,,,,,,,,,,,,,,,,,,,,,,,,,,,,,,,,,,,,,,,,,,,,,,,,,,,,,,,,,,,,,,,,,,,,,,,,,,,,,,,,,,,,,,,,,,,,,,,,,,,,,,,,,,,,,,,,,,,,,,,,,,,,,,,,,,,,,,,,,,,,,,,,,,,,,,,,,,,,,,,,,,,,,,,,,,,,,,,,,,,,,,,,,,,,,,,,,,,,,,,,,,,,,,,,,,,,,,,,,,,,,,,,,,,,,,,,,,,,,,,,,,,,,,,,,,,,,,,,,,,,,,,,,,,,,,,,,,,,,,,,,,,,,,,,,,,,,,,,,,,,,,,,,,,,,,,,,,,,,,,,,,,,,,,,
    Beverages & Tobacco,4.8795371,5.6532758,5.1243105,5.0718406,4.2120353,5.0260286,5.1162888,4.7346623,4.4273419,4.368123,0.3573402,0.4484503,0.3868598,0.42073,0.4125059,0.4528011,0.51728,0.3773818,0.3935579,0.4068628,0.3794823,0.2863756,0.3972496,0.4036457,0.4719441,0.4314896,0.4816321,0.5833878,0.5053079,0.5285456,0.5992639,0.4503527,0.4940207,0.3095022,0.3941835,0.5100236,0.5018814,0.444788,0.4676657,0.5361298,0.4455366,0.4517325,0.3576953,0.4377908,0.3388867,0.279512,0.3526681,0.4824497,0.4143944,0.4355255,0.4919474,0.4187717,0.4376794,0.4188375,0.4019123,0.4088208,0.4240733,0.2951173,0.4423113,0.4863532,0.3921448,0.4045415,0.3721411,0.3425864,0.295988,0.3010328,0.2505109,0.325991,0.3713677,0.2996392,0.3697387,0.4567351,0.4715602,0.4604101,0.4319235,0.4529168,0.4087578,0.3639836,0.4530053,0.4167746,0.4169484,0.3070515,0.3859617,0.5143183,0.4569218,0.5081995,0.400035,0.5102153,0.4102131,0.3739373,0.4051788,0.3913799,0.3952098,0.3220078,0.4286722,0.4630982,0.4815476,0.4027505,0.3612676,0.4749804,0.3684457,0.3991893,0.3888018,0.3226957,0.3796286,0.3405408,0.3517161,0.4294801,0.4693635,0.3752116,0.3595055,0.3931243,0.3387888,0.3324479,0.3407431,0.3272978,0.3910648,0.3205894,0.3497251,0.4334519,0.4090315,0.4315111,0.4126118,0.3655972,0.3490937,0.3144398,0.3281818,0.3473462,0.3285525,0.276612,0.3716935,0.3890261,0.3339494,0.4719845,0.3437244,0.3778344,0.4054347,0.3412363,0.338852,0.3938774,0.3632969,0.2667043,0.3732951,,,,,,,,,,,,,,,,,,,,,,,,,,,,,,,,,,,,,,,,,,,,,,,,,,,,,,,,,,,,,,,,,,,,,,,,,,,,,,,,,,,,,,,,,,,,,,,,,,,,,,,,,,,,,,,,,,,,,,,,,,,,,,,,,,,,,,,,,,,,,,,,,,,,,,,,,,,,,,,,,,,,,,,,,,,,,,,,,,,,,,,,,,,,,,,,,,,,,,,,,,,,,,,,,,,,,,,,,,,,,,,,,,,,,,,,,,,,,,,,,,,,,,,,,,,,,,,,,,,,,,,,,,,,,,,,,,,,,,,,,,,,,,,,,,,,,,,,,,,,,,,,,,,,,,,,,,,,,,,,,,,,,,,,,,,,,,,,,,,,,,,,,,,,,,,,,,,,,,,,,,,,,,,,,,,,,,,,,,,,,,,,,,,,,,,,,,,,,,,,,,,,,,,,,,,,,,,,,,,,,,,,,,,,,,,,,,,,,,,,,,,,,,,,,,,,,,,,,,,,,,,,,,,,,,,,,,,,,,,,,,,,,,,,,,,,,,,,,,,,,,,,,,,,,,,,,,,,,,,,,,,,,,,,,,,,,,,,,,,,,,,,,,,,,,,,,,,,,,,,,,,,,,,,,,,,,,,,,,,,,,,,,,,,,,,,,,,,,,,,
    Crude Materials (Excl Fuels),3.0388159,3.0009767,3.9447281,3.7932066,2.9042104,3.2601635,3.8317808,3.577414,3.2045483,3.3689973,0.242666,0.2584817,0.2498927,0.2632155,0.2470631,0.2918747,0.2657526,0.2369709,0.252159,0.2341218,0.2638345,0.2078752,0.2675742,0.2163643,0.2344366,0.2135675,0.2162436,0.2329557,0.2331006,0.2355956,0.2590161,0.3469481,0.3363783,0.2494973,0.226873,0.2650715,0.2882022,0.2688138,0.2965683,0.2942812,0.3219718,0.3629187,0.3328789,0.5889011,0.3527166,0.248103,0.324301,0.3236459,0.281336,0.3052306,0.2948192,0.3349012,0.342929,0.3495299,0.3209794,0.3690847,0.3482542,0.2726326,0.2498639,0.318254,0.2633648,0.2843705,0.2201105,0.1722973,0.2176376,0.2046071,0.1494143,0.2339209,0.3282499,0.2832676,0.2287159,0.2586782,0.2728106,0.3208894,0.2478808,0.2694302,0.2662032,0.2599327,0.2953786,0.25541,0.3102228,0.2317167,0.2716103,0.2964996,0.2848328,0.3133091,0.2778734,0.2645568,0.3092233,0.2955336,0.3547864,0.3814823,0.3474551,0.3178867,0.3883417,0.3508561,0.3222159,0.3006376,0.2495857,0.2625401,0.2480075,0.3086325,0.3351169,0.3207028,0.3331614,0.2771886,0.2687689,0.3005595,0.3032645,0.2786017,0.2699425,0.2804982,0.2319817,0.270753,0.2755818,0.2520134,0.2850135,0.2266904,0.2296481,0.2753515,0.2513434,0.3065179,0.2700942,0.2417754,0.2805059,0.3358634,0.2699968,0.3053013,0.3158792,0.2518865,0.2644818,0.2796357,0.2463737,0.2938915,0.3058081,0.2948949,0.2994181,0.3062224,0.3087966,0.341547,0.3682384,0.2913182,0.2791441,,,,,,,,,,,,,,,,,,,,,,,,,,,,,,,,,,,,,,,,,,,,,,,,,,,,,,,,,,,,,,,,,,,,,,,,,,,,,,,,,,,,,,,,,,,,,,,,,,,,,,,,,,,,,,,,,,,,,,,,,,,,,,,,,,,,,,,,,,,,,,,,,,,,,,,,,,,,,,,,,,,,,,,,,,,,,,,,,,,,,,,,,,,,,,,,,,,,,,,,,,,,,,,,,,,,,,,,,,,,,,,,,,,,,,,,,,,,,,,,,,,,,,,,,,,,,,,,,,,,,,,,,,,,,,,,,,,,,,,,,,,,,,,,,,,,,,,,,,,,,,,,,,,,,,,,,,,,,,,,,,,,,,,,,,,,,,,,,,,,,,,,,,,,,,,,,,,,,,,,,,,,,,,,,,,,,,,,,,,,,,,,,,,,,,,,,,,,,,,,,,,,,,,,,,,,,,,,,,,,,,,,,,,,,,,,,,,,,,,,,,,,,,,,,,,,,,,,,,,,,,,,,,,,,,,,,,,,,,,,,,,,,,,,,,,,,,,,,,,,,,,,,,,,,,,,,,,,,,,,,,,,,,,,,,,,,,,,,,,,,,,,,,,,,,,,,,,,,,,,,,,,,,,,,,,,,,,,,,,,,,,,,,,,,,,,,,,,,,,,
    Animal & Vegetable Oils Fats & Waxes,3.0988038,3.5743529,3.9423276,2.9996194,2.1045688,1.6657707,1.2436085,1.4177659,1.3028091,1.0803683,0.3664003,0.1526756,0.1104858,0.1495479,0.226106,0.2022144,0.2804292,0.3324441,0.3385508,0.3128049,0.3055431,0.3232055,0.3647965,0.3650611,0.2766153,0.338565,0.1604552,0.1536053,0.2861703,0.2963433,0.3093445,0.3499714,0.3541755,0.3565552,0.3274908,0.2580047,0.3345425,0.27722,0.4180499,0.2577807,0.1777694,0.3679591,0.3605953,0.4396481,0.2992181,0.3258163,0.4257235,0.2900183,0.3656351,0.3026097,0.2387123,0.278463,0.1003239,0.3240073,0.1584828,0.2730854,0.2317461,0.1687367,0.2677988,0.2021479,0.2090171,0.2041973,0.1906385,0.1832665,0.1647724,0.1339247,0.189825,0.2052238,0.1486128,0.1321365,0.1408063,0.1582827,0.1302976,0.1593334,0.1439043,0.1429229,0.1709449,0.0977816,0.1678066,0.1267926,0.1127906,0.0987065,0.156207,0.0662394,0.0618483,0.0681273,0.1094386,0.1137264,0.1405851,0.1006628,0.1381531,0.1182633,0.1271699,0.0691606,0.1302337,0.0902573,0.1136262,0.1130784,0.0994092,0.1049339,0.1491606,0.1161882,0.1269865,0.1337092,0.1159229,0.1358526,0.1186409,0.1337002,0.1431639,0.0852839,0.1155983,0.1160271,0.1007081,0.1278344,0.1197395,0.0986103,0.0931713,0.0806332,0.0883389,0.0717699,0.1051473,0.0724983,0.0802783,0.0730954,0.0945476,0.0921051,0.0996056,0.1104585,0.0829017,0.0865335,0.1114271,0.1078276,0.0935861,0.0516877,0.0661122,0.1088755,0.1269719,0.1361154,0.1377572,0.1554804,0.1155353,0.1237227,0.1223836,,,,,,,,,,,,,,,,,,,,,,,,,,,,,,,,,,,,,,,,,,,,,,,,,,,,,,,,,,,,,,,,,,,,,,,,,,,,,,,,,,,,,,,,,,,,,,,,,,,,,,,,,,,,,,,,,,,,,,,,,,,,,,,,,,,,,,,,,,,,,,,,,,,,,,,,,,,,,,,,,,,,,,,,,,,,,,,,,,,,,,,,,,,,,,,,,,,,,,,,,,,,,,,,,,,,,,,,,,,,,,,,,,,,,,,,,,,,,,,,,,,,,,,,,,,,,,,,,,,,,,,,,,,,,,,,,,,,,,,,,,,,,,,,,,,,,,,,,,,,,,,,,,,,,,,,,,,,,,,,,,,,,,,,,,,,,,,,,,,,,,,,,,,,,,,,,,,,,,,,,,,,,,,,,,,,,,,,,,,,,,,,,,,,,,,,,,,,,,,,,,,,,,,,,,,,,,,,,,,,,,,,,,,,,,,,,,,,,,,,,,,,,,,,,,,,,,,,,,,,,,,,,,,,,,,,,,,,,,,,,,,,,,,,,,,,,,,,,,,,,,,,,,,,,,,,,,,,,,,,,,,,,,,,,,,,,,,,,,,,,,,,,,,,,,,,,,,,,,,,,,,,,,,,,,,,,,,,,,,,,,,,,,,,,,,,,,,,,,,,
    Chemicals & Chemical Products,42.7662182,45.0912181,52.2981748,45.425044,38.5575071,40.7988621,40.6845472,36.9931217,32.1346519,31.4614541,3.3790089,3.5412274,3.5203594,3.2898153,3.7681244,3.6676418,3.9075524,3.8796323,3.8359054,3.4722117,3.5809575,2.9488141,3.3539765,2.8260848,3.644062,5.0364289,3.6446706,3.8436812,3.7283698,3.3384782,3.8359982,3.5804052,4.2585788,3.4746202,3.8798402,3.7423049,4.001375,4.0638355,4.2217923,4.6010332,4.5180055,4.6010984,5.973419,4.332448,4.4336952,3.7861234,4.0230444,4.1582135,3.8779738,3.7475402,3.8447251,3.5568689,4.0417175,4.442165,3.6507593,3.6481307,4.0420527,3.2293529,3.1855444,3.4470526,3.1162348,3.0382249,2.764391,3.0907651,2.9947595,3.1610756,3.116569,3.5808312,3.7008601,3.1006082,3.4461351,3.409779,3.3218447,3.2330715,3.3886877,3.3826189,3.6536278,3.3865858,3.6950708,3.5063294,3.2479437,2.932479,3.6408238,3.6058042,3.5830833,3.7030281,3.4647914,3.6001888,3.502402,3.3640139,3.4071436,3.1749473,3.3743845,2.7413808,3.1633793,3.1281829,3.2876656,2.9956522,2.9542015,3.2524204,3.1337564,3.1416006,3.1321598,3.0450546,3.4101399,2.7133951,2.7988927,2.8704984,2.9240046,2.8311086,2.4918192,3.0234094,2.6332623,2.6574311,2.6556733,2.5940041,2.7113099,2.2508102,2.4913208,2.5928615,2.432304,2.6090677,2.7075074,2.5597372,2.7521847,2.7250519,2.5183804,2.8599481,2.8691576,2.2757792,2.5594744,2.7890428,2.3763888,2.6417,2.8205926,2.7255395,2.7827191,2.6029924,2.7538934,3.0456855,2.9525973,2.5896638,2.7294854,,,,,,,,,,,,,,,,,,,,,,,,,,,,,,,,,,,,,,,,,,,,,,,,,,,,,,,,,,,,,,,,,,,,,,,,,,,,,,,,,,,,,,,,,,,,,,,,,,,,,,,,,,,,,,,,,,,,,,,,,,,,,,,,,,,,,,,,,,,,,,,,,,,,,,,,,,,,,,,,,,,,,,,,,,,,,,,,,,,,,,,,,,,,,,,,,,,,,,,,,,,,,,,,,,,,,,,,,,,,,,,,,,,,,,,,,,,,,,,,,,,,,,,,,,,,,,,,,,,,,,,,,,,,,,,,,,,,,,,,,,,,,,,,,,,,,,,,,,,,,,,,,,,,,,,,,,,,,,,,,,,,,,,,,,,,,,,,,,,,,,,,,,,,,,,,,,,,,,,,,,,,,,,,,,,,,,,,,,,,,,,,,,,,,,,,,,,,,,,,,,,,,,,,,,,,,,,,,,,,,,,,,,,,,,,,,,,,,,,,,,,,,,,,,,,,,,,,,,,,,,,,,,,,,,,,,,,,,,,,,,,,,,,,,,,,,,,,,,,,,,,,,,,,,,,,,,,,,,,,,,,,,,,,,,,,,,,,,,,,,,,,,,,,,,,,,,,,,,,,,,,,,,,,,,,,,,,,,,,,,,,,,,,,,,,,,,,,,,,,
    Manufactured Goods,27.7350497,27.8398223,30.9424519,27.6775007,23.6067907,25.0885702,25.6671298,24.8182352,26.4822182,28.2114704,2.1893637,2.4073389,2.3913657,2.1848689,2.2777327,2.2516669,2.4577604,2.4175652,2.4268085,2.1871199,2.1848246,1.8889681,2.6590299,2.4367419,2.4138529,2.2257667,2.0644161,2.2593326,2.3114797,2.3892049,2.7048798,2.4265122,2.5574236,2.0527166,1.9974953,2.1893836,2.18922,2.2682955,2.8351161,2.7944984,3.0234973,3.0208586,2.4192163,2.9784319,2.682601,2.002199,2.5391342,2.5838559,2.4372882,2.2519774,2.2272518,2.4237074,2.4244591,2.5330164,2.099426,2.4312367,2.4667976,1.9251878,1.8732964,2.0370033,1.8864809,1.8079641,1.7218639,1.5627807,1.7777834,2.0559012,2.2950025,2.0654189,2.3564236,1.8943136,2.1458546,2.0163062,2.1142145,2.3914242,2.0708582,2.0709999,2.2822476,1.9030102,2.2965824,2.0193191,2.2324445,1.571314,2.1198494,2.0316277,2.2201471,2.2443422,2.0883765,2.1091063,2.3029416,2.1048708,2.2171236,2.1045673,2.1224248,1.9322208,2.1893811,2.0986121,2.2907311,2.1673941,2.0034131,2.0739191,1.9381823,1.988553,2.0991837,1.8879127,2.3086069,1.8705276,2.0911995,2.1834781,2.1739846,2.0973019,2.1055998,2.2605567,2.2017474,2.5564684,2.3789647,2.1689017,2.4703032,1.8945731,1.9903386,2.203153,2.0092455,2.3534231,2.2688551,2.2428882,2.3882939,2.4050376,2.0864508,2.6279856,2.5824145,2.3419739,2.7017492,2.8003266,2.5434039,2.8856374,2.5353822,2.530049,2.6917834,2.6314197,2.6258502,2.8306575,2.8390348,2.4065439,2.4748763,,,,,,,,,,,,,,,,,,,,,,,,,,,,,,,,,,,,,,,,,,,,,,,,,,,,,,,,,,,,,,,,,,,,,,,,,,,,,,,,,,,,,,,,,,,,,,,,,,,,,,,,,,,,,,,,,,,,,,,,,,,,,,,,,,,,,,,,,,,,,,,,,,,,,,,,,,,,,,,,,,,,,,,,,,,,,,,,,,,,,,,,,,,,,,,,,,,,,,,,,,,,,,,,,,,,,,,,,,,,,,,,,,,,,,,,,,,,,,,,,,,,,,,,,,,,,,,,,,,,,,,,,,,,,,,,,,,,,,,,,,,,,,,,,,,,,,,,,,,,,,,,,,,,,,,,,,,,,,,,,,,,,,,,,,,,,,,,,,,,,,,,,,,,,,,,,,,,,,,,,,,,,,,,,,,,,,,,,,,,,,,,,,,,,,,,,,,,,,,,,,,,,,,,,,,,,,,,,,,,,,,,,,,,,,,,,,,,,,,,,,,,,,,,,,,,,,,,,,,,,,,,,,,,,,,,,,,,,,,,,,,,,,,,,,,,,,,,,,,,,,,,,,,,,,,,,,,,,,,,,,,,,,,,,,,,,,,,,,,,,,,,,,,,,,,,,,,,,,,,,,,,,,,,,,,,,,,,,,,,,,,,,,,,,,,,,,,,,,,,
    Machinery & Transport Equipment,322.0735278,281.7179365,319.018173,279.6695229,236.5126184,236.8498575,230.9772666,207.6891452,193.3185275,194.5992579,30.9990832,31.8362618,28.02085,27.8792067,28.4050074,26.8132135,26.9079008,25.8512718,26.1850439,26.6998402,27.4052221,21.7228681,24.3468415,23.9391388,24.1109615,24.5104037,25.3963519,25.0902131,23.6448126,24.7240626,22.1806594,21.4366854,24.8408129,20.9015493,20.9422853,24.3070412,25.1059137,26.7860608,26.208002,28.6371364,29.366476,28.8140932,26.3235909,26.6981295,28.0021674,23.0456915,25.7238704,28.4391903,25.2032023,24.5026155,24.1657516,23.5865989,23.6968913,22.3450177,21.5226502,22.4369773,23.4937176,19.3144043,20.9625059,21.5318048,20.85837,21.3137123,20.5047642,19.1034117,20.3365168,19.1639336,17.4836285,18.4335678,19.9311224,18.7045102,19.1472761,20.2589322,20.9248825,21.2950126,19.5222335,19.8001154,19.8562563,18.5705831,20.0767881,20.2151815,20.0218565,16.775282,19.5327338,20.5122238,20.7790951,21.8621755,19.9733902,20.3543336,21.0724074,18.7565477,19.0562296,17.973079,18.4339707,14.9699393,17.2338747,18.4454584,18.7667248,18.1005307,17.3800285,18.236178,17.5467995,17.4612862,17.7647086,15.6517862,17.2711317,14.4528488,16.6116638,18.3995826,16.6996087,16.4388029,16.0818835,16.6302231,15.1313291,15.7760106,15.6093269,15.4998774,17.0208683,15.1212475,14.9097669,17.0390423,16.5228102,17.1164143,17.2920065,16.5785188,15.6964459,16.4190609,15.868738,16.149377,16.9745219,13.4927005,15.4496216,17.5757298,15.3783398,15.9301152,15.5913172,15.1091462,15.854513,15.8121521,15.811037,17.8421717,17.6807146,13.7938345,15.60143,,,,,,,,,,,,,,,,,,,,,,,,,,,,,,,,,,,,,,,,,,,,,,,,,,,,,,,,,,,,,,,,,,,,,,,,,,,,,,,,,,,,,,,,,,,,,,,,,,,,,,,,,,,,,,,,,,,,,,,,,,,,,,,,,,,,,,,,,,,,,,,,,,,,,,,,,,,,,,,,,,,,,,,,,,,,,,,,,,,,,,,,,,,,,,,,,,,,,,,,,,,,,,,,,,,,,,,,,,,,,,,,,,,,,,,,,,,,,,,,,,,,,,,,,,,,,,,,,,,,,,,,,,,,,,,,,,,,,,,,,,,,,,,,,,,,,,,,,,,,,,,,,,,,,,,,,,,,,,,,,,,,,,,,,,,,,,,,,,,,,,,,,,,,,,,,,,,,,,,,,,,,,,,,,,,,,,,,,,,,,,,,,,,,,,,,,,,,,,,,,,,,,,,,,,,,,,,,,,,,,,,,,,,,,,,,,,,,,,,,,,,,,,,,,,,,,,,,,,,,,,,,,,,,,,,,,,,,,,,,,,,,,,,,,,,,,,,,,,,,,,,,,,,,,,,,,,,,,,,,,,,,,,,,,,,,,,,,,,,,,,,,,,,,,,,,,,,,,,,,,,,,,,,,,,,,,,,,,,,,,,,,,,,,,,,,,,,,,,,,
    Miscellaneous Manufactured Articles,47.710175,47.7729188,52.8091185,44.6372808,38.1447497,40.5036632,39.7172828,38.4342555,37.1676914,35.6839994,3.7363537,4.2524707,4.8612657,3.9737574,3.6971919,3.9199409,3.9664056,3.6685569,3.8580869,3.8906974,3.6338312,3.8715697,4.1164007,4.1945765,4.1180374,4.1588513,3.8691556,3.9084038,4.0524506,3.7561374,3.8696026,3.6643733,4.3318382,3.6382964,4.2111957,4.9330879,4.5432652,4.4211192,4.3399649,4.4032688,4.4483917,4.6247181,4.1895431,4.4447226,4.6269374,3.7748533,4.0592463,4.3700629,4.1818373,3.9421534,4.121995,3.5316736,3.6974765,3.5472986,3.4894942,3.5472377,3.8716549,3.0985914,3.2378053,3.6981168,3.6022362,3.6681509,3.2639059,3.0484775,3.3255107,2.9205072,2.3692199,2.338908,3.3213504,3.1732746,3.4150916,3.5696427,3.7098903,3.753327,3.4538044,3.3317435,3.5996573,3.0653272,3.4130059,3.3635727,3.3172199,2.5918475,3.3346248,3.3459643,3.5684576,3.6324287,3.321527,3.3799274,3.4318977,3.2392777,3.2569954,3.2168715,3.275134,2.7898522,3.2589493,3.331173,3.4100745,3.5773639,3.1217628,3.1133468,3.227668,3.217119,3.3959121,2.9725085,3.4604896,2.7072667,2.8995706,3.2981687,3.4225286,3.1299646,3.170884,2.9595764,2.9851583,3.0641522,3.0330726,3.3788671,3.3287666,2.6239245,2.7726278,3.2048649,3.2243747,3.560988,2.9479467,2.7364563,2.8485237,2.9925551,2.6956443,2.9044756,3.0702043,2.5514142,2.9465516,3.082724,2.8968344,3.3240663,3.0239502,2.7650913,2.8757793,2.874839,2.774241,3.0451065,3.2932262,2.4667832,2.8110056,,,,,,,,,,,,,,,,,,,,,,,,,,,,,,,,,,,,,,,,,,,,,,,,,,,,,,,,,,,,,,,,,,,,,,,,,,,,,,,,,,,,,,,,,,,,,,,,,,,,,,,,,,,,,,,,,,,,,,,,,,,,,,,,,,,,,,,,,,,,,,,,,,,,,,,,,,,,,,,,,,,,,,,,,,,,,,,,,,,,,,,,,,,,,,,,,,,,,,,,,,,,,,,,,,,,,,,,,,,,,,,,,,,,,,,,,,,,,,,,,,,,,,,,,,,,,,,,,,,,,,,,,,,,,,,,,,,,,,,,,,,,,,,,,,,,,,,,,,,,,,,,,,,,,,,,,,,,,,,,,,,,,,,,,,,,,,,,,,,,,,,,,,,,,,,,,,,,,,,,,,,,,,,,,,,,,,,,,,,,,,,,,,,,,,,,,,,,,,,,,,,,,,,,,,,,,,,,,,,,,,,,,,,,,,,,,,,,,,,,,,,,,,,,,,,,,,,,,,,,,,,,,,,,,,,,,,,,,,,,,,,,,,,,,,,,,,,,,,,,,,,,,,,,,,,,,,,,,,,,,,,,,,,,,,,,,,,,,,,,,,,,,,,,,,,,,,,,,,,,,,,,,,,,,,,,,,,,,,,,,,,,,,,,,,,,,,,,,,,,
    Miscellaneous (Excluding Oil Bunkers),28.5695456,21.6396654,27.6857063,22.786876,27.8418194,22.3692497,22.9320538,23.6360734,23.9558362,24.5999887,2.4571935,2.1050025,1.7989185,2.7916045,1.4836208,1.996332,2.3119352,1.8259425,3.3844114,3.3332378,2.9145744,2.0481364,2.5758296,1.0785449,1.4819944,2.763602,1.4512681,1.8754788,1.5642397,1.1011314,1.6851224,2.9100736,3.1205991,1.1374442,1.4701668,1.5946794,1.2859588,2.8153041,3.3969297,2.373582,3.3390963,2.1542797,2.4188014,1.9870404,2.6175094,1.619313,2.0832121,2.4625495,1.7574428,2.1926068,1.2815377,1.2037747,1.7388263,1.2697458,1.8466163,2.2248279,3.3130882,1.9763884,1.5194716,1.4171021,2.4299148,1.6365097,1.9659359,3.0051454,3.0416998,2.0023084,1.8551097,3.0939212,2.6197349,2.4259929,2.3484446,2.2342755,1.3688804,1.4846668,1.7546113,2.5941226,1.8767486,2.3935155,1.306452,1.5170334,1.9643001,2.3834629,1.4911806,1.8517698,1.9532116,2.1689371,1.6432194,2.5178046,2.2515724,1.9142319,1.8491381,1.5711962,2.1177109,1.8072801,1.2859817,1.8153612,2.4093855,2.1605216,1.48077,1.7070961,2.2663313,1.3929117,2.7353243,1.4547391,2.3292997,1.5917953,2.2925376,3.5579658,2.8495809,1.5914865,1.1401159,1.1766843,1.288086,1.8036676,1.6726868,1.8610046,1.950354,3.092146,1.9720578,2.4805694,2.0210672,1.9499163,1.6163687,2.5392113,2.0719178,1.4951167,1.6367771,1.7140066,3.2734539,1.6646778,2.1369059,1.9041649,2.0704396,1.8670659,2.4121985,1.497777,1.8140482,1.0974524,1.8432394,1.5666736,1.9000521,1.7177321,2.616128,,,,,,,,,,,,,,,,,,,,,,,,,,,,,,,,,,,,,,,,,,,,,,,,,,,,,,,,,,,,,,,,,,,,,,,,,,,,,,,,,,,,,,,,,,,,,,,,,,,,,,,,,,,,,,,,,,,,,,,,,,,,,,,,,,,,,,,,,,,,,,,,,,,,,,,,,,,,,,,,,,,,,,,,,,,,,,,,,,,,,,,,,,,,,,,,,,,,,,,,,,,,,,,,,,,,,,,,,,,,,,,,,,,,,,,,,,,,,,,,,,,,,,,,,,,,,,,,,,,,,,,,,,,,,,,,,,,,,,,,,,,,,,,,,,,,,,,,,,,,,,,,,,,,,,,,,,,,,,,,,,,,,,,,,,,,,,,,,,,,,,,,,,,,,,,,,,,,,,,,,,,,,,,,,,,,,,,,,,,,,,,,,,,,,,,,,,,,,,,,,,,,,,,,,,,,,,,,,,,,,,,,,,,,,,,,,,,,,,,,,,,,,,,,,,,,,,,,,,,,,,,,,,,,,,,,,,,,,,,,,,,,,,,,,,,,,,,,,,,,,,,,,,,,,,,,,,,,,,,,,,,,,,,,,,,,,,,,,,,,,,,,,,,,,,,,,,,,,,,,,,,,,,,,,,,,,,,,,,,,,,,,,,,,,,,,,,,,,,,,
